笔记标题,笔记链接,作者,作者链接,点赞数,是否违规,播放时长,封面,播放量
无,无,未知,无,0,否,0,无,0
那就逃离这该死的世界jin美剧 jin混剪,//www.douyin.com/video/7311253467316686130,-𝓞𝔁𝔂𝓰𝓮𝓷,无,157,否,58,无,0
大声告诉我，谁是你最爱的角色! jin怪奇物语 jin美剧 jin混剪,//www.douyin.com/video/7167664802104462629,𝙍𝘼𝙉𝙂𝙀,无,708,否,64,无,0
曾经让大家为之疯狂的剧，经典佳作jin越狱 jin温特沃斯米勒 jin迈克斯科菲尔德 jin美剧推荐 jin混剪 jin精彩片段分享,//www.douyin.com/video/7231822517491617081,酷炫影视1994,无,369,否,88,无,0
欧美剧的女性力量jin美剧 jin影视 jin女性力量 jin混剪,//www.douyin.com/video/7359095374977535282,R2-D2,无,938,否,58,无,0
shuangyinhao什么叫有仇不报非君子?” jin超燃剪辑 jin美剧 jin一定要看到结尾,//www.douyin.com/video/7360163693092539663,罗曼蒂爱混剪,无,81000,否,101,无,0
这个女孩真的是太听话了jin混剪 jin我的观影报告 jin因为一个片段看了整部剧 jin美剧推荐,//www.douyin.com/video/7314985964244356387,阿诺燃剪,无,176,否,122,无,0
私生子之战douhao一分钟带你体验权游画面的震撼。jin权利的游戏 jin美剧 jin剧情反转 jin混剪 jin高燃混剪,//www.douyin.com/video/7350263684616195337,长工403号,无,245,否,75,无,0
汤姆哈迪专治各种不服~ jin识货种草官 jin禁忌 jin美剧 jin混剪,//www.douyin.com/video/7402937116721761577,用心影剪,无,2648,否,179,无,0
赛博朋克风美剧《副本》视觉向混剪jin混剪 jin赛博朋克,//www.douyin.com/video/7353418072834755840,灬阿七,无,129,否,157,无,0
“见鬼，有人说这是被上帝遗忘的角落” jin美剧 jinshameless jin混剪,//www.douyin.com/video/7358625293889785123,卡尔-加拉格🌈,无,43000,否,154,无,0
欢迎来到芝加哥南区，感受一下来自南区F4的魅力吧！jin美剧 jin无耻之徒shameless jin混剪 jin因为一个片段看了整部剧 jin一定要看到最后,//www.douyin.com/video/7350264162452262180,🦁️,无,173,否,232,无,0
用一首歌的时间整理喜欢的对白片段。 jin美剧 jinshameless jin混剪 jin经典台词,//www.douyin.com/video/7368244933855169844,卡尔-加拉格🌈,无,2960,否,265,无,0
“民风淳朴哥谭市，遵纪守法杰罗姆” jin哥谭 jin杰罗姆 jin美剧 jin超燃混剪,//www.douyin.com/video/7180631858730847546,泽森不会剪辑,无,1860,否,183,无,0
你杀我一人，我屠你全城jin一定要看到最后 jin混剪 jin美剧 jin权利的游戏 jin龙妈 renren视频,//www.douyin.com/video/7400741745199238454,喵喵影记,无,7963,否,80,无,0
超超解气的硬核男人jin美剧推荐 jin混剪 jin我的观影报告,//www.douyin.com/video/7310904072092077346,阿诺燃剪,无,164,否,130,无,0
南区唯一的白月光，傻白甜的代表，勇于追求自己的爱情。 jin美剧 jinshameless jin混剪 jin经典台词,//www.douyin.com/video/7358160763418103075,卡尔-加拉格🌈,无,17000,否,58,无,0
美剧：猎魔人 大超😍 jin超然混剪 jin超人 jin美剧 jin4k60帧 jin影视剪辑,//www.douyin.com/video/7402433830579145984,𝒱𝒾𝓃𝓃𝒾ℯ,无,143,否,48,无,0
jin无耻之徒shameless jin美剧 jin混剪 jin弗兰克 加拉格？,//www.douyin.com/video/7371062297118231820,拿魄仑. cut,无,50000,否,28,无,0
风骚律师中的镜头艺术jin风骚律师 jin绝命毒师 jin美剧 jin混剪,//www.douyin.com/video/7340579347922701619,长工403号,无,1624,否,60,无,0
战 士 jin超燃混剪 jin原创剪辑 jin美剧 jin混剪天团,//www.douyin.com/video/7150889758065986830,7-Block,无,13000,否,7,无,0
”我有个韦恩“jin韦恩 jin美剧 jin混剪 jinthewayistillloveyou,//www.douyin.com/video/7263438477746785547,三十.,无,123,否,222,无,0
帅只是一种感觉，老公只是一种感觉jin美剧推荐 jin每日影视推荐 jin混剪 jin女孩子喜欢的黄毛,//www.douyin.com/video/7397584090893012263,美剧冒险家,无,198,否,35,无,0
可惜你不看jin美剧推荐 jin电影推荐 jin混剪,//www.douyin.com/video/7396896871110790426,意的精神世界,无,53000,否,20,无,0
“一场求生欲与道德抉择的游戏”jin电影推荐 jin混剪 jin美剧推荐,//www.douyin.com/video/7402441218161937703,海岛剪影,无,534,否,896,无,0
欧美经典电影哪个是让你印象深刻的？jin因为一个片段看了整部剧 jin影视剧名场面 jin混剪 jin好剧推荐 jin美剧推荐,//www.douyin.com/video/7303402172648115456,万人迷的May,无,35,否,493,无,0
当辣妹变成小伙，可把闺蜜激动坏了！ jin喜剧 jin奇幻 jin一定看到最后 jin美剧分享 jin电影推荐,//www.douyin.com/video/7341976538591612194,楂楠混剪,无,1533,否,256,无,0
12秒看完星期三jin星期三亚当斯 jinwednesday jin美剧 jin星期三美剧 jin混剪,//www.douyin.com/video/7178334586345164032,拾光🎬,无,49000,否,12,无,0
最强猎魔人迪恩·温彻斯特的悲剧而又壮烈的一生！温彻斯特的传奇永不落幕！jin邪恶力量 jin美剧 jin混剪 jin詹森阿克斯 jinjensenackles jin迪恩温彻斯特 jin温彻斯特 jin温彻斯特家族,//www.douyin.com/video/7214689246983097637,矞,无,466,否,194,无,0
jin搏击俱乐部 jin布拉德皮特 jin美剧 jin混剪 “拿得起 放得下”,//www.douyin.com/video/7304195302649564468,Radil,无,3736,否,19,无,0
小粉：“这老东西比我狠多了”jin绝命毒师 jin高分美剧 jin超燃混剪jin搬运工 jin搬运 搬运自Instagram用户@breakingbad.clips,//www.douyin.com/video/7220645535940742435,参合,无,476,否,36,无,0
这战斗萝莉真的太帅了！ jin混剪 jin美剧推荐,//www.douyin.com/video/7304612520122223913,乐一乐影视,无,255,否,121,无,0
不要惹老实人，特别是抡大锤的 jin超燃剪辑jin超燃剪辑 jin美剧 jin一定要看到结尾,//www.douyin.com/video/7347521899699686656,罗曼蒂爱混剪,无,7309,否,91,无,0
《杀死伊芙》双季高燃混剪bad guy jin高燃混剪 jin电影推荐 jin欧美电影 jin美剧,//www.douyin.com/video/7357742624113003803,灬朱灬,无,46,否,201,无,0
“永远的Fiona 破碎与倔强并存”jin无耻之徒shameless jin美剧 jin无耻之徒菲奥娜 jin混剪 jinshameless,//www.douyin.com/video/7310144673954155811,piupiu快逃,无,582,否,13,无,0
跑起来jin无耻之徒shameless jinshameless jinfiona jin美剧 jin混剪,//www.douyin.com/video/7261956764604599586,TKCARLOS,无,14000,否,25,无,0
jin影视剪辑 jin美剧推荐 jin电影推荐 “任何时候都要自信、哪怕你被别人嘲笑”,//www.douyin.com/video/7329899956502842639,红莲混剪,无,283,否,771,无,0
思绪回到那年jin怪奇物语 jinstrangerthings jin美剧 jin混剪,//www.douyin.com/video/7320547076176235839,晚风^,无,51000,否,11,无,0
“如果美好遥不可及，那我就来当你的左膀右臂”jin触不可及jin电影剪辑 jin美剧 jin每一帧都是热爱 @抖音小助手,//www.douyin.com/video/7085529779360779550,理想混剪,无,584,否,59,无,0
我要用这玩意儿来调鸡尾酒jin无耻之徒shameless jin美剧 jin混剪,//www.douyin.com/video/7382489928606813478,钱包咕咕,无,245,否,178,无,0
绝命毒师海森伯格儿老白：你总是在我最快乐的时候逼我动手、jin原创剪辑 jin美剧 jin绝命毒师 jin混剪高燃 jin名场面 jin海森伯格,//www.douyin.com/video/7248431423655398713,GBYANG（混剪）限流王,无,2189,否,80,无,0